feature,importance,importance_pct
task_automation_rate,0.22659570568834128,22.659570568834127
remote_work_percentage,0.1753771733679914,17.53771733679914
company_founding_year,0.12212126108481793,12.212126108481792
employee_satisfaction_score,0.08723832787740554,8.723832787740553
regulatory_compliance_score,0.05812825108342703,5.812825108342703
innovation_score,0.05571352251253701,5.571352251253701
industry,0.05158195003875473,5.158195003875473
ai_risk_management_score,0.04949000074368757,4.949000074368757
company_age,0.04357589575782156,4.357589575782156
region,0.040130604610415274,4.013060461041527
company_size,0.0240841350161745,2.4084135016174497
country,0.0194522830821642,1.94522830821642
company_age_group,0.011909218366139479,1.1909218366139478
data_privacy_level,0.010128032287524071,1.0128032287524071
survey_year,0.009979920847452065,0.9979920847452065
quarter,0.009626513254521858,0.9626513254521858
ai_ethics_committee,0.0048672043808245516,0.48672043808245513
