dimension,level,n_treat,n_control,n_total,ATE,SE,CI_lower,CI_upper,p_value
industry,Agriculture,7858,7712,15570,-0.0014347653644820907,0.018348964552496776,-0.037398735887375766,0.03452920515841159,0.937674323315091
industry,Consulting,6096,6408,12504,-0.02714439820821021,0.02060830079208145,-0.06753666776068985,0.01324787134426943,0.18778550917385717
industry,Education,7662,7510,15172,0.019967982736596102,0.018172988527220463,-0.015651074776756004,0.055587040249948205,0.27186724790590944
industry,Finance,11938,8228,20166,0.003871610694535425,0.015991967653029775,-0.02747264590540293,0.035215867294473784,0.8087048439273012
industry,Healthcare,9048,9594,18642,0.003990538477128689,0.016164296729764955,-0.02769148311321062,0.035672560067467995,0.8050060325293686
industry,Logistics,6519,6442,12961,0.0066202868959252354,0.0198742509334857,-0.03233324493370674,0.04557381872555721,0.7390521955479799
industry,Manufacturing,8588,8913,17501,-0.016572165646790815,0.017396524094501806,-0.05066935287201435,0.01752502157843272,0.3407858808436237
industry,Retail,8059,8318,16377,0.027008829155867064,0.01854582708394303,-0.009340991928661276,0.0633586502403954,0.1453016447786981
industry,Technology,14717,6390,21107,0.013202265894012001,0.01782819476366003,-0.021740995842761658,0.04814552763078566,0.45898007221840276
company_size,Enterprise,20843,8605,29448,0.02386587394192616,0.01519748811225318,-0.00592120275809007,0.05365295064194239,0.11632608379963694
company_size,SME,31527,32340,63867,0.010570760484849775,0.008528986013330098,-0.006146052101277217,0.02728757307097677,0.2152002182343722
company_size,Startup,28115,28570,56685,-0.0070016328060539985,0.011011371835011203,-0.028583921602675956,0.014580655990567959,0.5248711185805033
survey_year,2023,17003,20453,37456,0.0038036252374223935,0.012997023030680349,-0.021670539902711092,0.029277790377555877,0.7697869613961548
survey_year,2024,19200,18280,37480,-0.0022140341525955644,0.012876667024305257,-0.02745230152023387,0.02302423321504274,0.8634834778584359
survey_year,2025,21175,16349,37524,0.0038361671274238477,0.012964507555070696,-0.021574267680514715,0.02924660193536241,0.7673082588064997
survey_year,2026,23107,14433,37540,0.016296008209359492,0.01323745624653455,-0.009649406033848226,0.04224142245256721,0.21830310279613907
automation_rate,high,58885,16119,75004,-0.00021154526314002805,0.009510428180862392,-0.018851984497630318,0.018428893971350262,0.9822537138473482
automation_rate,low,21600,53396,74996,0.008490796188773813,0.008701596199643316,-0.008564332362527087,0.025545924740074714,0.3291762006419061
